{"cameraMode":{"drawMode":0,"name":"Shaded","section":"Shading Mode"},"sceneLighting":false,"audioPlay":false,"sceneViewState":{"m_AlwaysRefresh":false,"showFog":true,"showSkybox":false,"showFlares":true,"showImageEffects":true,"showParticleSystems":true,"showVisualEffectGraphs":true,"m_FxEnabled":false},"in2DMode":false,"pivot":{"x":-0.14701753854751588,"y":0.012543395161628724,"z":0.004076329991221428},"rotation":{"x":-0.23829524219036103,"y":0.3739677667617798,"z":-0.09989328682422638,"w":-0.8908980488777161},"size":0.48494574427604678,"orthographic":false}