{"cameraMode":{"drawMode":0,"name":"Shaded","section":"Shading Mode"},"sceneLighting":false,"audioPlay":false,"sceneViewState":{"m_AlwaysRefresh":false,"showFog":true,"showSkybox":false,"showFlares":true,"showImageEffects":true,"showParticleSystems":true,"showVisualEffectGraphs":true,"m_FxEnabled":false},"in2DMode":false,"pivot":{"x":-0.07060825824737549,"y":1.4663207530975342,"z":2.733530282974243},"rotation":{"x":0.005673030391335487,"y":-0.9918656349182129,"z":0.11990412324666977,"w":0.04594898968935013},"size":0.06103014945983887,"orthographic":false}