{"cameraMode":{"drawMode":0,"name":"Shaded","section":"Shading Mode"},"sceneLighting":false,"audioPlay":false,"sceneViewState":{"m_AlwaysRefresh":false,"showFog":true,"showSkybox":false,"showFlares":true,"showImageEffects":true,"showParticleSystems":true,"showVisualEffectGraphs":true,"m_FxEnabled":false},"in2DMode":false,"pivot":{"x":-0.3286478817462921,"y":1.941314697265625,"z":2.2907187938690187},"rotation":{"x":0.0014143966836854816,"y":0.9941096901893616,"z":-0.10809697210788727,"w":0.015165918506681919},"size":0.5496705770492554,"orthographic":false}