{"cameraMode":{"drawMode":0,"name":"Shaded","section":"Shading Mode"},"sceneLighting":false,"audioPlay":false,"sceneViewState":{"m_AlwaysRefresh":false,"showFog":true,"showSkybox":false,"showFlares":true,"showImageEffects":true,"showParticleSystems":true,"showVisualEffectGraphs":true,"m_FxEnabled":false},"in2DMode":false,"pivot":{"x":0.47762373089790347,"y":1.0188310146331788,"z":3.263742208480835},"rotation":{"x":0.02053426019847393,"y":-0.9708445072174072,"z":0.22102691233158112,"w":0.09215514361858368},"size":1.274214744567871,"orthographic":false}