{"cameraMode":{"drawMode":0,"name":"Shaded","section":"Shading Mode"},"sceneLighting":false,"audioPlay":false,"sceneViewState":{"m_AlwaysRefresh":false,"showFog":true,"showSkybox":false,"showFlares":true,"showImageEffects":true,"showParticleSystems":true,"showVisualEffectGraphs":true,"m_FxEnabled":false},"in2DMode":false,"pivot":{"x":-0.0017777681350708008,"y":0.8561170101165772,"z":-0.09047606587409973},"rotation":{"x":0.0014143966836854816,"y":0.9941096901893616,"z":-0.10809697210788727,"w":0.015165918506681919},"size":1.4389699697494507,"orthographic":false}