{"cameraMode":{"drawMode":0,"name":"Shaded","section":"Shading Mode"},"sceneLighting":false,"audioPlay":false,"sceneViewState":{"m_AlwaysRefresh":false,"showFog":true,"showSkybox":false,"showFlares":true,"showImageEffects":true,"showParticleSystems":true,"showVisualEffectGraphs":true,"m_FxEnabled":false},"in2DMode":false,"pivot":{"x":-0.0008885860443115234,"y":0.8900423645973206,"z":-0.06965717673301697},"rotation":{"x":0.0014143966836854816,"y":0.9941096901893616,"z":-0.10809697210788727,"w":0.015165918506681919},"size":1.4649293422698975,"orthographic":false}