{"cameraMode":{"drawMode":0,"name":"Shaded","section":"Shading Mode"},"sceneLighting":false,"audioPlay":false,"sceneViewState":{"m_AlwaysRefresh":false,"showFog":true,"showSkybox":false,"showFlares":true,"showImageEffects":true,"showParticleSystems":true,"showVisualEffectGraphs":true,"m_FxEnabled":false},"in2DMode":false,"pivot":{"x":40.923118591308597,"y":226.23727416992188,"z":-124.82342529296875},"rotation":{"x":-0.022741978988051416,"y":-0.07376179099082947,"z":0.0017422502860426903,"w":-0.9970507025718689},"size":429.5237731933594,"orthographic":false}