{"cameraMode":{"drawMode":0,"name":"Shaded","section":"Shading Mode"},"sceneLighting":false,"audioPlay":false,"sceneViewState":{"m_AlwaysRefresh":false,"showFog":true,"showSkybox":false,"showFlares":true,"showImageEffects":true,"showParticleSystems":true,"showVisualEffectGraphs":true,"m_FxEnabled":false},"in2DMode":false,"pivot":{"x":-0.3257952332496643,"y":0.023474495857954027,"z":0.012142250314354897},"rotation":{"x":-0.23829524219036103,"y":0.3739677667617798,"z":-0.09989328682422638,"w":-0.8908980488777161},"size":0.7053560018539429,"orthographic":false}