{"cameraMode":{"drawMode":0,"name":"Shaded","section":"Shading Mode"},"sceneLighting":false,"audioPlay":false,"sceneViewState":{"m_AlwaysRefresh":false,"showFog":true,"showSkybox":false,"showFlares":true,"showImageEffects":true,"showParticleSystems":true,"showVisualEffectGraphs":true,"m_FxEnabled":false},"in2DMode":false,"pivot":{"x":1.1920928955078126e-7,"y":0.8559288382530212,"z":-0.061756543815135959},"rotation":{"x":0.0014143966836854816,"y":0.9941096901893616,"z":-0.10809697210788727,"w":0.015165918506681919},"size":1.4288368225097657,"orthographic":false}