{"cameraMode":{"drawMode":0,"name":"Shaded","section":"Shading Mode"},"sceneLighting":false,"audioPlay":false,"sceneViewState":{"m_AlwaysRefresh":false,"showFog":true,"showSkybox":false,"showFlares":true,"showImageEffects":true,"showParticleSystems":true,"showVisualEffectGraphs":true,"m_FxEnabled":false},"in2DMode":false,"pivot":{"x":0.2651408910751343,"y":1.5838292837142945,"z":-1.5312933921813965},"rotation":{"x":0.015350712463259697,"y":-0.9847416281700134,"z":0.12653924524784089,"w":0.11877881735563278},"size":3.071467638015747,"orthographic":false}