{"cameraMode":{"drawMode":0,"name":"Shaded","section":"Shading Mode"},"sceneLighting":false,"audioPlay":false,"sceneViewState":{"m_AlwaysRefresh":false,"showFog":true,"showSkybox":false,"showFlares":true,"showImageEffects":true,"showParticleSystems":true,"showVisualEffectGraphs":true,"m_FxEnabled":false},"in2DMode":false,"pivot":{"x":-0.15823811292648316,"y":-0.015383678488433361,"z":-0.09538029134273529},"rotation":{"x":-0.02117135189473629,"y":0.37422871589660647,"z":-0.00848680641502142,"w":-0.9270965456962586},"size":0.1414213627576828,"orthographic":false}